<permissions>
  <privapp-permissions package="com.google.android.projection.gearhead">
    <permission name="android.permission.WAKE_LOCK" />
  <permission name="android.permission.INTERNET" />
  <permission name="android.permission.ACCESS_NETWORK_STATE" />
  <permission name="android.permission.ACCESS_NOTIFICATION_POLICY" />
  <permission name="android.permission.ACCESS_WIFI_STATE" />
  <permission name="android.permission.CHANGE_NETWORK_STATE" />
  <permission name="android.permission.QUERY_ALL_PACKAGES" />
  <permission name="com.google.android.providers.gsf.permission.READ_GSERVICES" />
  <permission name="android.permission.SYSTEM_ALERT_WINDOW" />
  <permission name="android.permission.BLUETOOTH" />
  <permission name="android.permission.BLUETOOTH_ADMIN" />
  <permission name="android.permission.CHANGE_WIFI_STATE" />
  <permission name="android.permission.FOREGROUND_SERVICE" />
  <permission name="android.permission.RECEIVE_BOOT_COMPLETED" />
  <permission name="android.permission.VIBRATE" />
  <permission name="android.permission.SCHEDULE_EXACT_ALARM" />
  <permission name="com.google.android.finsky.permission.GEARHEAD_SERVICE" />
  <permission name="androidx.car.app.NAVIGATION_TEMPLATES" />
  <permission name="androidx.car.app.ACCESS_SURFACE" />
  <permission name="android.permission.CALL_PHONE" />
  <permission name="android.permission.READ_PHONE_STATE" />
  <permission name="android.permission.READ_CALL_LOG" />
  <permission name="android.permission.READ_CONTACTS" />
  <permission name="android.permission.ACCESS_FINE_LOCATION" />
  <permission name="android.permission.ACCESS_COARSE_LOCATION" />
  <permission name="com.google.android.gms.permission.CAR_SPEED" />
  <permission name="android.permission.RECEIVE_SMS" />
  <permission name="android.permission.SEND_SMS" />
  <permission name="android.permission.RECORD_AUDIO" />
  <permission name="android.permission.READ_CALENDAR" />
  <permission name="android.permission.BLUETOOTH_SCAN" />
  <permission name="android.permission.BLUETOOTH_CONNECT" />
  <permission name="android.permission.POST_NOTIFICATIONS" />
  <permission name="android.permission.ACTIVITY_EMBEDDING" />
  <permission name="android.permission.BLUETOOTH_PRIVILEGED" />
  <permission name="android.permission.CALL_PRIVILEGED" />
  <permission name="android.permission.CHANGE_COMPONENT_ENABLED_STATE" />
  <permission name="android.permission.COMPANION_APPROVE_WIFI_CONNECTIONS" />
  <permission name="android.permission.LOCATION_HARDWARE" />
  <permission name="android.permission.CONTROL_INCALL_EXPERIENCE" />
  <permission name="android.permission.DUMP" />
  <permission name="android.permission.ENTER_CAR_MODE_PRIORITIZED" />
  <permission name="android.permission.LOCAL_MAC_ADDRESS" />
  <permission name="android.permission.MANAGE_USB" />
  <permission name="android.permission.MODIFY_AUDIO_ROUTING" />
  <permission name="android.permission.MODIFY_DAY_NIGHT_MODE" />
  <permission name="android.permission.READ_PRIVILEGED_PHONE_STATE" />
  <permission name="android.permission.REQUEST_COMPANION_SELF_MANAGED" />
  <permission name="android.permission.START_ACTIVITIES_FROM_BACKGROUND" />
  <permission name="android.permission.UPDATE_APP_OPS_STATS" />
  <permission name="android.permission.INTERACT_ACROSS_PROFILES" />
  <permission name="android.permission.WRITE_SETTINGS" />
  <permission name="com.google.android.projection.gearhead.permission.START_PROJECTED_ACTIVITY" />
  <permission name="com.google.android.projection.gearhead.DYNAMIC_RECEIVER_NOT_EXPORTED_PERMISSION" />
  <permission name="android.permission.ADD_ALWAYS_UNLOCKED_DISPLAY" />
  <permission name="android.permission.CREATE_VIRTUAL_DEVICE" />
  <permission name="android.permission.TOGGLE_AUTOMOTIVE_PROJECTION" />
  <permission name="android.permission.REQUEST_COMPANION_PROFILE_AUTOMOTIVE_PROJECTION" />
  <permission name="android.permission.ADD_TRUSTED_DISPLAY" />
  <permission name="android.permission.ASSOCIATE_COMPANION_DEVICES" />
  <permission name="android.permission.NEARBY_WIFI_DEVICES" />
  <permission name="android.permission.FOREGROUND_SERVICE_CONNECTED_DEVICE" />
  <permission name="android.permission.FOREGROUND_SERVICE_LOCATION" />
  <permission name="android.permission.FOREGROUND_SERVICE_MICROPHONE" />
  </privapp-permissions>
</permissions>
